user_id,signup_date,country,age_group,gender
1,2025-09-13,AU,25-34,Male
2,2025-09-13,US,25-34,Male
3,2025-09-13,US,25-34,Male
4,2025-09-13,US,35-44,Female
5,2025-09-13,US,25-34,Male
6,2025-09-13,UK,25-34,Male
7,2025-09-13,DE,35-44,Female
8,2025-09-13,UK,45-54,Male
9,2025-09-13,DE,18-24,Male
10,2025-09-13,DE,35-44,Male
11,2025-09-13,US,18-24,Female
12,2025-09-13,UK,35-44,Male
13,2025-09-13,US,55+,Male
14,2025-09-13,US,35-44,Female
15,2025-09-13,US,18-24,Female
16,2025-09-13,UK,25-34,Male
17,2025-09-13,US,25-34,Female
18,2025-09-13,AU,35-44,Male
19,2025-09-13,UK,18-24,Male
20,2025-09-13,US,25-34,Female
21,2025-09-13,US,25-34,Female
22,2025-09-13,US,25-34,Male
23,2025-09-13,US,18-24,Male
24,2025-09-13,DE,35-44,Male
25,2025-09-13,AU,35-44,Male
26,2025-09-13,US,25-34,Male
27,2025-09-13,US,25-34,Female
28,2025-09-13,AU,45-54,Male
29,2025-09-13,US,18-24,Female
30,2025-09-13,US,35-44,Male
31,2025-09-13,US,55+,Female
32,2025-09-13,US,25-34,Female
33,2025-09-13,CA,18-24,Female
34,2025-09-13,CA,35-44,Male
35,2025-09-13,DE,18-24,Male
36,2025-09-13,US,25-34,Male
37,2025-09-13,UK,25-34,Male
38,2025-09-13,US,25-34,Female
39,2025-09-13,UK,55+,Male
40,2025-09-13,UK,25-34,Female
41,2025-09-13,DE,45-54,Male
42,2025-09-13,DE,35-44,Female
43,2025-09-13,US,55+,Female
44,2025-09-13,DE,25-34,Male
45,2025-09-13,US,35-44,Male
46,2025-09-13,CA,35-44,Male
47,2025-09-13,UK,25-34,Male
48,2025-09-13,US,25-34,Male
49,2025-09-13,US,45-54,Male
50,2025-09-13,AU,25-34,Female
51,2025-09-13,US,25-34,Male
52,2025-09-13,US,25-34,Male
53,2025-09-13,US,18-24,Male
54,2025-09-13,US,25-34,Male
55,2025-09-13,DE,35-44,Female
56,2025-09-13,US,18-24,Female
57,2025-09-13,US,45-54,Male
58,2025-09-13,US,25-34,Male
59,2025-09-13,US,45-54,Female
60,2025-09-13,CA,25-34,Male
61,2025-09-13,DE,25-34,Female
62,2025-09-13,AU,35-44,Female
63,2025-09-13,US,25-34,Male
64,2025-09-13,UK,45-54,Female
65,2025-09-13,US,45-54,Male
66,2025-09-13,Other,55+,Male
67,2025-09-13,US,45-54,Male
68,2025-09-13,US,35-44,Female
69,2025-09-13,UK,18-24,Female
70,2025-09-13,US,45-54,Female
71,2025-09-13,CA,18-24,Female
72,2025-09-13,US,18-24,Female
73,2025-09-13,US,55+,Male
74,2025-09-13,DE,25-34,Male
75,2025-09-13,US,25-34,Female
76,2025-09-13,AU,35-44,Male
77,2025-09-13,US,35-44,Female
78,2025-09-13,US,35-44,Female
79,2025-09-13,US,35-44,Male
80,2025-09-13,US,18-24,Female
81,2025-09-13,UK,55+,Male
82,2025-09-13,US,18-24,Male
83,2025-09-13,DE,55+,Female
84,2025-09-13,AU,25-34,Female
85,2025-09-13,UK,25-34,Female
86,2025-09-13,UK,25-34,Male
87,2025-09-13,AU,35-44,Male
88,2025-09-13,Other,25-34,Female
89,2025-09-13,AU,25-34,Female
90,2025-09-13,DE,25-34,Male
91,2025-09-13,US,18-24,Female
92,2025-09-13,AU,25-34,Female
93,2025-09-13,Other,35-44,Female
94,2025-09-13,US,45-54,Male
95,2025-09-13,CA,18-24,Male
96,2025-09-13,AU,35-44,Female
97,2025-09-13,Other,25-34,Female
98,2025-09-13,DE,25-34,Female
99,2025-09-13,AU,25-34,Male
100,2025-09-13,DE,25-34,Female
101,2025-09-13,US,45-54,Female
102,2025-09-13,UK,45-54,Female
103,2025-09-13,US,18-24,Male
104,2025-09-13,US,35-44,Female
105,2025-09-13,DE,25-34,Male
106,2025-09-13,US,18-24,Female
107,2025-09-13,DE,35-44,Male
108,2025-09-13,UK,35-44,Female
109,2025-09-13,UK,45-54,Male
110,2025-09-13,US,35-44,Male
111,2025-09-13,UK,55+,Female
112,2025-09-13,DE,18-24,Female
113,2025-09-13,AU,45-54,Male
114,2025-09-13,Other,55+,Male
115,2025-09-13,CA,45-54,Male
116,2025-09-13,US,25-34,Female
117,2025-09-13,CA,25-34,Male
118,2025-09-13,AU,35-44,Male
119,2025-09-13,Other,25-34,Female
120,2025-09-13,AU,25-34,Female
121,2025-09-13,CA,35-44,Male
122,2025-09-13,US,45-54,Female
123,2025-09-13,UK,25-34,Female
124,2025-09-13,US,35-44,Male
125,2025-09-13,US,18-24,Male
126,2025-09-13,Other,55+,Male
127,2025-09-13,AU,25-34,Female
128,2025-09-13,US,18-24,Female
129,2025-09-13,CA,18-24,Female
130,2025-09-13,US,45-54,Male
131,2025-09-13,DE,18-24,Male
132,2025-09-13,CA,18-24,Male
133,2025-09-13,UK,25-34,Male
134,2025-09-13,UK,25-34,Male
135,2025-09-13,Other,25-34,Female
136,2025-09-13,UK,25-34,Female
137,2025-09-13,AU,35-44,Male
138,2025-09-13,UK,18-24,Male
139,2025-09-13,US,25-34,Male
140,2025-09-13,UK,25-34,Male
141,2025-09-13,US,25-34,Male
142,2025-09-13,DE,35-44,Male
143,2025-09-13,US,45-54,Male
144,2025-09-13,US,45-54,Male
145,2025-09-13,US,25-34,Female
146,2025-09-13,US,25-34,Male
147,2025-09-13,UK,25-34,Female
148,2025-09-13,US,55+,Male
149,2025-09-13,Other,25-34,Male
150,2025-09-13,UK,35-44,Female
151,2025-09-13,UK,45-54,Female
152,2025-09-13,DE,45-54,Male
153,2025-09-13,CA,25-34,Male
154,2025-09-13,UK,18-24,Male
155,2025-09-13,DE,45-54,Male
156,2025-09-13,US,25-34,Male
157,2025-09-13,US,55+,Male
158,2025-09-13,US,35-44,Female
159,2025-09-13,US,35-44,Male
160,2025-09-13,US,45-54,Female
161,2025-09-13,UK,25-34,Male
162,2025-09-13,US,25-34,Male
163,2025-09-13,UK,35-44,Female
164,2025-09-13,UK,35-44,Male
165,2025-09-13,Other,18-24,Female
166,2025-09-13,US,18-24,Female
167,2025-09-13,US,35-44,Male
168,2025-09-13,US,25-34,Male
169,2025-09-13,US,25-34,Female
170,2025-09-13,CA,25-34,Female
171,2025-09-13,UK,55+,Male
172,2025-09-13,CA,35-44,Male
173,2025-09-13,US,18-24,Male
174,2025-09-13,US,18-24,Female
175,2025-09-13,UK,35-44,Male
176,2025-09-13,CA,45-54,Male
177,2025-09-13,UK,25-34,Male
178,2025-09-13,CA,25-34,Female
179,2025-09-13,CA,45-54,Female
180,2025-09-13,AU,55+,Female
181,2025-09-13,UK,25-34,Female
182,2025-09-13,AU,45-54,Female
183,2025-09-13,US,25-34,Male
184,2025-09-13,AU,25-34,Female
185,2025-09-13,DE,25-34,Female
186,2025-09-13,UK,25-34,Female
187,2025-09-13,UK,45-54,Female
188,2025-09-13,US,25-34,Female
189,2025-09-13,CA,35-44,Male
190,2025-09-13,US,45-54,Female
191,2025-09-13,US,18-24,Female
192,2025-09-13,UK,45-54,Male
193,2025-09-13,AU,25-34,Male
194,2025-09-13,UK,25-34,Female
195,2025-09-13,US,18-24,Female
196,2025-09-13,UK,35-44,Female
197,2025-09-13,AU,25-34,Male
198,2025-09-13,DE,35-44,Male
199,2025-09-13,Other,55+,Female
200,2025-09-13,CA,45-54,Female
201,2025-09-13,US,45-54,Female
202,2025-09-13,US,25-34,Female
203,2025-09-13,US,35-44,Male
204,2025-09-13,CA,25-34,Male
205,2025-09-13,US,18-24,Male
206,2025-09-13,Other,35-44,Male
207,2025-09-13,US,35-44,Male
208,2025-09-13,US,25-34,Male
209,2025-09-13,AU,35-44,Female
210,2025-09-13,US,35-44,Female
211,2025-09-13,US,35-44,Female
212,2025-09-13,AU,25-34,Male
213,2025-09-13,US,45-54,Male
214,2025-09-13,UK,18-24,Male
215,2025-09-13,CA,18-24,Female
216,2025-09-13,US,55+,Female
217,2025-09-13,AU,25-34,Female
218,2025-09-13,AU,45-54,Male
219,2025-09-13,US,35-44,Male
220,2025-09-13,DE,25-34,Female
221,2025-09-13,DE,35-44,Female
222,2025-09-13,UK,25-34,Female
223,2025-09-13,CA,35-44,Male
224,2025-09-13,UK,45-54,Female
225,2025-09-13,US,25-34,Female
226,2025-09-13,AU,35-44,Female
227,2025-09-13,UK,18-24,Male
228,2025-09-13,CA,25-34,Male
229,2025-09-13,Other,18-24,Female
230,2025-09-13,UK,35-44,Female
231,2025-09-13,US,45-54,Female
232,2025-09-13,US,35-44,Male
233,2025-09-13,DE,25-34,Female
234,2025-09-13,UK,25-34,Female
235,2025-09-13,US,55+,Male
236,2025-09-13,Other,45-54,Male
237,2025-09-13,DE,25-34,Male
238,2025-09-13,DE,35-44,Male
239,2025-09-13,US,45-54,Male
240,2025-09-13,UK,35-44,Female
241,2025-09-13,CA,35-44,Male
242,2025-09-13,UK,25-34,Female
243,2025-09-13,AU,55+,Female
244,2025-09-13,US,18-24,Female
245,2025-09-13,US,45-54,Male
246,2025-09-13,UK,35-44,Female
247,2025-09-13,Other,35-44,Male
248,2025-09-13,AU,45-54,Female
249,2025-09-13,UK,25-34,Male
250,2025-09-13,DE,45-54,Female
251,2025-09-13,US,18-24,Female
252,2025-09-13,US,25-34,Male
253,2025-09-13,CA,25-34,Female
254,2025-09-13,US,18-24,Female
255,2025-09-13,US,45-54,Female
256,2025-09-13,US,45-54,Female
257,2025-09-13,US,25-34,Male
258,2025-09-13,US,18-24,Male
259,2025-09-13,AU,25-34,Male
260,2025-09-13,US,25-34,Male
261,2025-09-13,UK,18-24,Male
262,2025-09-13,US,35-44,Male
263,2025-09-13,CA,55+,Female
264,2025-09-13,UK,35-44,Female
265,2025-09-13,US,25-34,Female
266,2025-09-13,US,45-54,Female
267,2025-09-13,DE,35-44,Male
268,2025-09-13,Other,45-54,Female
269,2025-09-13,US,18-24,Male
270,2025-09-13,UK,35-44,Female
271,2025-09-13,US,25-34,Male
272,2025-09-13,US,25-34,Female
273,2025-09-13,UK,35-44,Male
274,2025-09-13,US,25-34,Female
275,2025-09-13,AU,18-24,Female
276,2025-09-13,US,25-34,Female
277,2025-09-13,US,25-34,Female
278,2025-09-13,US,25-34,Female
279,2025-09-13,UK,55+,Female
280,2025-09-13,CA,25-34,Female
281,2025-09-13,US,25-34,Female
282,2025-09-13,AU,45-54,Female
283,2025-09-13,CA,25-34,Male
284,2025-09-13,DE,25-34,Female
285,2025-09-13,DE,18-24,Male
286,2025-09-13,UK,25-34,Male
287,2025-09-13,DE,45-54,Female
288,2025-09-13,US,45-54,Female
289,2025-09-13,US,35-44,Male
290,2025-09-13,US,45-54,Male
291,2025-09-13,DE,45-54,Male
292,2025-09-13,AU,35-44,Male
293,2025-09-13,US,25-34,Female
294,2025-09-13,DE,25-34,Male
295,2025-09-13,US,35-44,Male
296,2025-09-13,CA,35-44,Male
297,2025-09-13,US,55+,Male
298,2025-09-13,US,35-44,Female
299,2025-09-13,CA,35-44,Male
300,2025-09-13,US,35-44,Male
301,2025-09-13,AU,45-54,Male
302,2025-09-13,US,35-44,Male
303,2025-09-13,CA,45-54,Female
304,2025-09-13,UK,35-44,Female
305,2025-09-13,US,35-44,Male
306,2025-09-13,DE,18-24,Male
307,2025-09-13,US,35-44,Male
308,2025-09-13,CA,25-34,Female
309,2025-09-13,US,18-24,Female
310,2025-09-13,US,25-34,Female
311,2025-09-13,AU,18-24,Female
312,2025-09-13,UK,25-34,Male
313,2025-09-13,UK,18-24,Male
314,2025-09-13,CA,35-44,Male
315,2025-09-13,AU,25-34,Male
316,2025-09-13,Other,25-34,Male
317,2025-09-13,UK,55+,Male
318,2025-09-13,AU,18-24,Female
319,2025-09-13,US,25-34,Female
320,2025-09-13,US,18-24,Female
321,2025-09-13,US,35-44,Female
322,2025-09-13,UK,25-34,Male
323,2025-09-13,UK,25-34,Male
324,2025-09-13,DE,18-24,Female
325,2025-09-13,UK,55+,Male
326,2025-09-13,Other,35-44,Male
327,2025-09-13,CA,35-44,Female
328,2025-09-13,US,45-54,Male
329,2025-09-13,US,35-44,Male
330,2025-09-13,CA,25-34,Male
331,2025-09-13,AU,25-34,Male
332,2025-09-13,CA,25-34,Female
333,2025-09-13,US,25-34,Male
334,2025-09-13,US,25-34,Male
335,2025-09-13,US,55+,Female
336,2025-09-13,DE,25-34,Female
337,2025-09-13,DE,25-34,Female
338,2025-09-13,US,45-54,Female
339,2025-09-13,CA,55+,Female
340,2025-09-13,US,25-34,Female
341,2025-09-13,US,45-54,Female
342,2025-09-13,Other,45-54,Female
343,2025-09-13,DE,35-44,Male
344,2025-09-13,US,55+,Female
345,2025-09-13,CA,25-34,Female
346,2025-09-13,US,35-44,Male
347,2025-09-13,UK,25-34,Male
348,2025-09-13,UK,45-54,Female
349,2025-09-13,DE,25-34,Female
350,2025-09-13,UK,18-24,Female
351,2025-09-13,US,45-54,Female
352,2025-09-13,US,35-44,Male
353,2025-09-13,UK,55+,Female
354,2025-09-13,US,45-54,Female
355,2025-09-13,CA,25-34,Male
356,2025-09-13,UK,45-54,Female
357,2025-09-13,US,25-34,Female
358,2025-09-13,CA,25-34,Female
359,2025-09-13,UK,45-54,Male
360,2025-09-13,US,25-34,Male
361,2025-09-13,US,35-44,Female
362,2025-09-13,DE,35-44,Female
363,2025-09-13,Other,45-54,Female
364,2025-09-13,US,25-34,Female
365,2025-09-13,US,45-54,Female
366,2025-09-13,UK,45-54,Male
367,2025-09-13,US,25-34,Male
368,2025-09-13,CA,18-24,Male
369,2025-09-13,AU,18-24,Male
370,2025-09-13,US,25-34,Male
371,2025-09-13,CA,25-34,Male
372,2025-09-13,US,35-44,Female
373,2025-09-13,US,35-44,Female
374,2025-09-13,US,25-34,Male
375,2025-09-13,AU,45-54,Female
376,2025-09-13,CA,45-54,Male
377,2025-09-13,US,25-34,Female
378,2025-09-13,US,35-44,Female
379,2025-09-13,AU,25-34,Female
380,2025-09-13,DE,25-34,Male
381,2025-09-13,AU,18-24,Female
382,2025-09-13,CA,35-44,Male
383,2025-09-13,US,35-44,Male
384,2025-09-13,UK,25-34,Male
385,2025-09-13,CA,35-44,Male
386,2025-09-13,CA,45-54,Female
387,2025-09-13,CA,18-24,Male
388,2025-09-13,US,25-34,Male
389,2025-09-13,US,25-34,Male
390,2025-09-13,AU,25-34,Female
391,2025-09-13,US,35-44,Male
392,2025-09-13,Other,55+,Female
393,2025-09-13,AU,25-34,Male
394,2025-09-13,UK,25-34,Male
395,2025-09-13,CA,35-44,Male
396,2025-09-13,CA,25-34,Female
397,2025-09-13,UK,18-24,Female
398,2025-09-13,CA,55+,Female
399,2025-09-13,US,25-34,Female
400,2025-09-13,CA,18-24,Female
401,2025-09-13,UK,25-34,Female
402,2025-09-13,DE,35-44,Female
403,2025-09-13,US,18-24,Female
404,2025-09-13,UK,25-34,Female
405,2025-09-13,US,45-54,Female
406,2025-09-13,UK,35-44,Female
407,2025-09-13,UK,18-24,Male
408,2025-09-13,UK,18-24,Male
409,2025-09-13,US,35-44,Male
410,2025-09-13,UK,45-54,Male
411,2025-09-13,UK,18-24,Male
412,2025-09-13,CA,18-24,Male
413,2025-09-13,US,18-24,Male
414,2025-09-13,DE,25-34,Female
415,2025-09-13,CA,25-34,Female
416,2025-09-13,UK,55+,Female
417,2025-09-13,US,35-44,Female
418,2025-09-13,US,35-44,Female
419,2025-09-13,Other,35-44,Male
420,2025-09-13,US,35-44,Female
421,2025-09-13,UK,18-24,Female
422,2025-09-13,US,18-24,Female
423,2025-09-13,DE,18-24,Male
424,2025-09-13,CA,25-34,Male
425,2025-09-13,CA,55+,Female
426,2025-09-13,UK,35-44,Male
427,2025-09-13,US,55+,Male
428,2025-09-13,US,25-34,Male
429,2025-09-13,CA,45-54,Male
430,2025-09-13,AU,45-54,Male
431,2025-09-13,CA,35-44,Female
432,2025-09-13,AU,25-34,Male
433,2025-09-13,AU,45-54,Female
434,2025-09-13,UK,35-44,Male
435,2025-09-13,UK,25-34,Male
436,2025-09-13,UK,45-54,Male
437,2025-09-13,UK,35-44,Female
438,2025-09-13,US,25-34,Female
439,2025-09-13,AU,45-54,Female
440,2025-09-13,US,35-44,Male
441,2025-09-13,UK,55+,Male
442,2025-09-13,CA,25-34,Male
443,2025-09-13,UK,25-34,Female
444,2025-09-13,AU,25-34,Male
445,2025-09-13,AU,35-44,Female
446,2025-09-13,US,25-34,Male
447,2025-09-13,Other,25-34,Female
448,2025-09-13,US,25-34,Male
449,2025-09-13,CA,35-44,Male
450,2025-09-13,US,35-44,Male
451,2025-09-13,DE,35-44,Female
452,2025-09-13,US,25-34,Male
453,2025-09-13,Other,25-34,Male
454,2025-09-13,UK,35-44,Female
455,2025-09-13,AU,35-44,Male
456,2025-09-13,CA,18-24,Male
457,2025-09-13,CA,25-34,Female
458,2025-09-13,US,35-44,Male
459,2025-09-13,CA,25-34,Female
460,2025-09-13,US,35-44,Male
461,2025-09-13,US,35-44,Male
462,2025-09-13,Other,18-24,Male
463,2025-09-13,UK,45-54,Female
464,2025-09-13,DE,25-34,Female
465,2025-09-13,UK,25-34,Female
466,2025-09-13,US,18-24,Male
467,2025-09-13,US,35-44,Female
468,2025-09-13,US,45-54,Female
469,2025-09-13,UK,25-34,Male
470,2025-09-13,DE,35-44,Female
471,2025-09-13,AU,45-54,Male
472,2025-09-13,US,25-34,Male
473,2025-09-13,US,25-34,Male
474,2025-09-13,AU,25-34,Male
475,2025-09-13,UK,35-44,Female
476,2025-09-13,CA,55+,Female
477,2025-09-13,DE,18-24,Male
478,2025-09-13,UK,55+,Male
479,2025-09-13,US,25-34,Female
480,2025-09-13,US,25-34,Female
481,2025-09-13,UK,35-44,Female
482,2025-09-13,UK,25-34,Male
483,2025-09-13,UK,18-24,Male
484,2025-09-13,AU,25-34,Male
485,2025-09-13,DE,25-34,Female
486,2025-09-13,CA,18-24,Female
487,2025-09-13,AU,25-34,Female
488,2025-09-13,CA,18-24,Male
489,2025-09-13,AU,18-24,Male
490,2025-09-13,US,25-34,Male
491,2025-09-13,Other,45-54,Male
492,2025-09-13,US,35-44,Female
493,2025-09-13,CA,25-34,Male
494,2025-09-13,US,25-34,Male
495,2025-09-13,UK,45-54,Female
496,2025-09-13,US,35-44,Female
497,2025-09-13,DE,25-34,Female
498,2025-09-13,US,55+,Female
499,2025-09-13,AU,35-44,Male
500,2025-09-13,US,45-54,Male
501,2025-09-13,US,35-44,Female
502,2025-09-13,AU,45-54,Male
503,2025-09-13,CA,55+,Male
504,2025-09-13,CA,25-34,Female
505,2025-09-13,US,25-34,Female
506,2025-09-13,CA,35-44,Female
507,2025-09-13,US,45-54,Female
508,2025-09-13,US,35-44,Female
509,2025-09-13,US,45-54,Female
510,2025-09-13,US,35-44,Male
511,2025-09-13,US,35-44,Female
512,2025-09-13,UK,18-24,Male
513,2025-09-13,US,25-34,Male
514,2025-09-13,US,25-34,Male
515,2025-09-13,AU,35-44,Female
516,2025-09-13,UK,55+,Male
517,2025-09-13,Other,18-24,Male
518,2025-09-13,AU,55+,Male
519,2025-09-13,US,25-34,Female
520,2025-09-13,UK,45-54,Female
521,2025-09-13,US,25-34,Female
522,2025-09-13,US,18-24,Female
523,2025-09-13,UK,35-44,Male
524,2025-09-13,DE,18-24,Female
525,2025-09-13,UK,35-44,Male
526,2025-09-13,AU,25-34,Female
527,2025-09-13,US,35-44,Female
528,2025-09-13,CA,45-54,Female
529,2025-09-13,CA,25-34,Female
530,2025-09-13,CA,18-24,Male
531,2025-09-13,US,35-44,Female
532,2025-09-13,US,25-34,Female
533,2025-09-13,US,35-44,Female
534,2025-09-13,UK,25-34,Female
535,2025-09-13,US,25-34,Female
536,2025-09-13,CA,35-44,Female
537,2025-09-13,US,45-54,Male
538,2025-09-13,AU,45-54,Male
539,2025-09-13,AU,18-24,Male
540,2025-09-13,US,18-24,Female
541,2025-09-13,US,18-24,Male
542,2025-09-13,AU,35-44,Female
543,2025-09-13,US,45-54,Male
544,2025-09-13,Other,45-54,Female
545,2025-09-13,UK,25-34,Female
546,2025-09-13,CA,25-34,Female
547,2025-09-13,US,25-34,Male
548,2025-09-13,US,25-34,Male
549,2025-09-13,US,25-34,Male
550,2025-09-13,AU,18-24,Female
551,2025-09-13,DE,25-34,Female
552,2025-09-13,UK,35-44,Female
553,2025-09-13,UK,25-34,Male
554,2025-09-13,US,55+,Male
555,2025-09-13,UK,25-34,Male
556,2025-09-13,UK,45-54,Male
557,2025-09-13,US,25-34,Female
558,2025-09-13,UK,25-34,Male
559,2025-09-13,US,35-44,Male
560,2025-09-13,CA,18-24,Male
561,2025-09-13,UK,25-34,Male
562,2025-09-13,US,18-24,Female
563,2025-09-13,US,25-34,Male
564,2025-09-13,US,35-44,Female
565,2025-09-13,US,25-34,Female
566,2025-09-13,UK,18-24,Male
567,2025-09-13,US,25-34,Male
568,2025-09-13,US,25-34,Male
569,2025-09-13,AU,35-44,Female
570,2025-09-13,US,25-34,Female
571,2025-09-13,US,18-24,Female
572,2025-09-13,US,18-24,Female
573,2025-09-13,UK,45-54,Male
574,2025-09-13,UK,25-34,Female
575,2025-09-13,US,25-34,Male
576,2025-09-13,AU,45-54,Male
577,2025-09-13,US,55+,Male
578,2025-09-13,UK,18-24,Female
579,2025-09-13,US,35-44,Male
580,2025-09-13,US,25-34,Female
581,2025-09-13,US,18-24,Female
582,2025-09-13,CA,55+,Female
583,2025-09-13,AU,25-34,Female
584,2025-09-13,Other,18-24,Female
585,2025-09-13,US,25-34,Male
586,2025-09-13,US,45-54,Male
587,2025-09-13,UK,55+,Female
588,2025-09-13,US,25-34,Male
589,2025-09-13,UK,35-44,Female
590,2025-09-13,DE,35-44,Male
591,2025-09-13,US,55+,Male
592,2025-09-13,UK,18-24,Female
593,2025-09-13,UK,45-54,Male
594,2025-09-13,US,45-54,Male
595,2025-09-13,UK,25-34,Female
596,2025-09-13,AU,45-54,Male
597,2025-09-13,UK,25-34,Male
598,2025-09-13,UK,25-34,Female
599,2025-09-13,CA,18-24,Male
600,2025-09-13,AU,45-54,Male
601,2025-09-13,US,18-24,Male
602,2025-09-13,UK,18-24,Male
603,2025-09-13,UK,25-34,Female
604,2025-09-13,US,55+,Female
605,2025-09-13,DE,25-34,Male
606,2025-09-13,UK,25-34,Male
607,2025-09-13,AU,35-44,Female
608,2025-09-13,UK,35-44,Male
609,2025-09-13,UK,25-34,Female
610,2025-09-13,AU,25-34,Male
611,2025-09-13,Other,25-34,Male
612,2025-09-13,AU,25-34,Male
613,2025-09-13,Other,18-24,Male
614,2025-09-13,Other,25-34,Female
615,2025-09-13,US,35-44,Female
616,2025-09-13,US,25-34,Female
617,2025-09-13,AU,18-24,Female
618,2025-09-13,US,25-34,Male
619,2025-09-13,UK,25-34,Female
620,2025-09-13,US,25-34,Male
621,2025-09-13,UK,45-54,Male
622,2025-09-13,US,45-54,Male
623,2025-09-13,AU,25-34,Male
624,2025-09-13,DE,25-34,Female
625,2025-09-13,US,18-24,Female
626,2025-09-13,US,35-44,Female
627,2025-09-13,CA,35-44,Male
628,2025-09-13,US,55+,Female
629,2025-09-13,US,18-24,Male
630,2025-09-13,UK,25-34,Female
631,2025-09-13,UK,18-24,Male
632,2025-09-13,DE,45-54,Female
633,2025-09-13,AU,25-34,Female
634,2025-09-13,US,25-34,Female
635,2025-09-13,AU,25-34,Female
636,2025-09-13,DE,35-44,Male
637,2025-09-13,AU,25-34,Female
638,2025-09-13,DE,35-44,Male
639,2025-09-13,UK,45-54,Female
640,2025-09-13,UK,25-34,Male
641,2025-09-13,US,35-44,Male
642,2025-09-13,US,18-24,Male
643,2025-09-13,US,25-34,Female
644,2025-09-13,US,45-54,Male
645,2025-09-13,UK,25-34,Female
646,2025-09-13,US,25-34,Male
647,2025-09-13,UK,45-54,Female
648,2025-09-13,US,55+,Male
649,2025-09-13,US,25-34,Female
650,2025-09-13,UK,35-44,Male
651,2025-09-13,Other,25-34,Female
652,2025-09-13,UK,45-54,Male
653,2025-09-13,CA,35-44,Male
654,2025-09-13,US,25-34,Male
655,2025-09-13,UK,25-34,Female
656,2025-09-13,US,25-34,Female
657,2025-09-13,DE,45-54,Male
658,2025-09-13,UK,35-44,Female
659,2025-09-13,US,25-34,Male
660,2025-09-13,US,35-44,Male
661,2025-09-13,US,25-34,Male
662,2025-09-13,US,25-34,Female
663,2025-09-13,US,35-44,Male
664,2025-09-13,CA,35-44,Female
665,2025-09-13,US,25-34,Female
666,2025-09-13,DE,35-44,Male
667,2025-09-13,US,25-34,Female
668,2025-09-13,UK,45-54,Male
669,2025-09-13,AU,45-54,Male
670,2025-09-13,UK,35-44,Male
671,2025-09-13,UK,55+,Female
672,2025-09-13,CA,55+,Female
673,2025-09-13,UK,45-54,Female
674,2025-09-13,AU,55+,Male
675,2025-09-13,AU,45-54,Male
676,2025-09-13,US,45-54,Female
677,2025-09-13,CA,45-54,Male
678,2025-09-13,US,45-54,Male
679,2025-09-13,CA,25-34,Male
680,2025-09-13,UK,25-34,Male
681,2025-09-13,US,25-34,Female
682,2025-09-13,US,25-34,Female
683,2025-09-13,US,25-34,Female
684,2025-09-13,UK,45-54,Male
685,2025-09-13,UK,45-54,Male
686,2025-09-13,CA,25-34,Male
687,2025-09-13,CA,25-34,Male
688,2025-09-13,US,25-34,Female
689,2025-09-13,AU,18-24,Female
690,2025-09-13,DE,35-44,Female
691,2025-09-13,US,35-44,Male
692,2025-09-13,US,35-44,Female
693,2025-09-13,CA,35-44,Male
694,2025-09-13,AU,25-34,Female
695,2025-09-13,DE,35-44,Male
696,2025-09-13,US,55+,Male
697,2025-09-13,US,18-24,Female
698,2025-09-13,UK,25-34,Male
699,2025-09-13,DE,25-34,Male
700,2025-09-13,DE,35-44,Male
701,2025-09-13,CA,55+,Female
702,2025-09-13,UK,35-44,Male
703,2025-09-13,US,25-34,Male
704,2025-09-13,US,25-34,Female
705,2025-09-13,US,45-54,Female
706,2025-09-13,AU,55+,Male
707,2025-09-13,CA,35-44,Female
708,2025-09-13,CA,35-44,Female
709,2025-09-13,AU,25-34,Female
710,2025-09-13,US,25-34,Female
711,2025-09-13,AU,55+,Female
712,2025-09-13,UK,35-44,Female
713,2025-09-13,CA,25-34,Female
714,2025-09-13,DE,45-54,Male
715,2025-09-13,US,35-44,Female
716,2025-09-13,UK,18-24,Male
717,2025-09-13,DE,35-44,Male
718,2025-09-13,CA,25-34,Male
719,2025-09-13,US,45-54,Male
720,2025-09-13,US,18-24,Female
721,2025-09-13,US,25-34,Female
722,2025-09-13,CA,35-44,Male
723,2025-09-13,US,55+,Female
724,2025-09-13,CA,25-34,Female
725,2025-09-13,DE,35-44,Female
726,2025-09-13,UK,35-44,Male
727,2025-09-13,CA,35-44,Female
728,2025-09-13,UK,35-44,Female
729,2025-09-13,US,35-44,Male
730,2025-09-13,US,35-44,Female
731,2025-09-13,US,35-44,Female
732,2025-09-13,DE,35-44,Male
733,2025-09-13,CA,55+,Female
734,2025-09-13,US,35-44,Female
735,2025-09-13,UK,18-24,Female
736,2025-09-13,US,45-54,Male
737,2025-09-13,CA,25-34,Male
738,2025-09-13,AU,25-34,Male
739,2025-09-13,CA,35-44,Female
740,2025-09-13,US,25-34,Female
741,2025-09-13,UK,35-44,Male
742,2025-09-13,US,25-34,Female
743,2025-09-13,US,25-34,Female
744,2025-09-13,DE,35-44,Male
745,2025-09-13,CA,25-34,Female
746,2025-09-13,AU,25-34,Female
747,2025-09-13,CA,35-44,Female
748,2025-09-13,CA,25-34,Female
749,2025-09-13,US,55+,Male
750,2025-09-13,DE,18-24,Female
751,2025-09-13,US,25-34,Male
752,2025-09-13,DE,18-24,Female
753,2025-09-13,US,25-34,Female
754,2025-09-13,US,25-34,Female
755,2025-09-13,UK,18-24,Male
756,2025-09-13,AU,35-44,Female
757,2025-09-13,UK,45-54,Female
758,2025-09-13,DE,45-54,Male
759,2025-09-13,AU,35-44,Female
760,2025-09-13,US,18-24,Female
761,2025-09-13,CA,18-24,Male
762,2025-09-13,CA,25-34,Male
763,2025-09-13,CA,45-54,Male
764,2025-09-13,CA,18-24,Female
765,2025-09-13,UK,55+,Female
766,2025-09-13,US,25-34,Female
767,2025-09-13,AU,45-54,Female
768,2025-09-13,UK,55+,Male
769,2025-09-13,UK,55+,Male
770,2025-09-13,US,25-34,Male
771,2025-09-13,US,18-24,Male
772,2025-09-13,US,45-54,Male
773,2025-09-13,US,55+,Female
774,2025-09-13,UK,55+,Male
775,2025-09-13,DE,18-24,Male
776,2025-09-13,US,35-44,Male
777,2025-09-13,CA,25-34,Female
778,2025-09-13,UK,25-34,Male
779,2025-09-13,AU,35-44,Male
780,2025-09-13,UK,25-34,Male
781,2025-09-13,UK,25-34,Female
782,2025-09-13,CA,18-24,Female
783,2025-09-13,UK,25-34,Female
784,2025-09-13,US,25-34,Male
785,2025-09-13,US,25-34,Female
786,2025-09-13,AU,25-34,Male
787,2025-09-13,US,45-54,Female
788,2025-09-13,DE,25-34,Female
789,2025-09-13,US,55+,Male
790,2025-09-13,UK,45-54,Female
791,2025-09-13,AU,35-44,Male
792,2025-09-13,US,25-34,Male
793,2025-09-13,US,18-24,Male
794,2025-09-13,US,45-54,Female
795,2025-09-13,DE,25-34,Male
796,2025-09-13,UK,18-24,Male
797,2025-09-13,UK,35-44,Male
798,2025-09-13,US,18-24,Female
799,2025-09-13,UK,35-44,Female
800,2025-09-13,UK,18-24,Male
801,2025-09-13,US,35-44,Male
802,2025-09-13,UK,25-34,Male
803,2025-09-13,UK,25-34,Male
804,2025-09-13,AU,25-34,Male
805,2025-09-13,US,45-54,Male
806,2025-09-13,AU,25-34,Male
807,2025-09-13,US,55+,Male
808,2025-09-13,US,25-34,Male
809,2025-09-13,UK,18-24,Male
810,2025-09-13,Other,25-34,Male
811,2025-09-13,UK,25-34,Female
812,2025-09-13,US,45-54,Male
813,2025-09-13,US,18-24,Female
814,2025-09-13,US,45-54,Female
815,2025-09-13,US,35-44,Male
816,2025-09-13,CA,35-44,Female
817,2025-09-13,US,35-44,Female
818,2025-09-13,US,35-44,Female
819,2025-09-13,UK,35-44,Female
820,2025-09-13,US,45-54,Male
821,2025-09-13,US,18-24,Female
822,2025-09-13,UK,25-34,Male
823,2025-09-13,US,35-44,Female
824,2025-09-13,US,25-34,Female
825,2025-09-13,CA,35-44,Male
826,2025-09-13,CA,45-54,Female
827,2025-09-13,UK,25-34,Female
828,2025-09-13,US,55+,Female
829,2025-09-13,US,35-44,Male
830,2025-09-13,US,55+,Female
831,2025-09-13,UK,35-44,Male
832,2025-09-13,Other,25-34,Female
833,2025-09-13,UK,35-44,Male
834,2025-09-13,AU,45-54,Male
835,2025-09-13,US,55+,Male
836,2025-09-13,UK,45-54,Male
837,2025-09-13,DE,25-34,Male
838,2025-09-13,DE,25-34,Male
839,2025-09-13,UK,55+,Female
840,2025-09-13,UK,25-34,Male
841,2025-09-13,US,25-34,Female
842,2025-09-13,US,55+,Female
843,2025-09-13,DE,25-34,Female
844,2025-09-13,UK,25-34,Female
845,2025-09-13,US,35-44,Male
846,2025-09-13,US,35-44,Female
847,2025-09-13,US,18-24,Male
848,2025-09-13,UK,18-24,Male
849,2025-09-13,US,25-34,Male
850,2025-09-13,UK,25-34,Female
851,2025-09-13,US,45-54,Male
852,2025-09-13,DE,35-44,Male
853,2025-09-13,AU,35-44,Female
854,2025-09-13,US,25-34,Female
855,2025-09-13,UK,55+,Female
856,2025-09-13,AU,55+,Female
857,2025-09-13,DE,35-44,Female
858,2025-09-13,US,45-54,Female
859,2025-09-13,US,25-34,Male
860,2025-09-13,AU,45-54,Male
861,2025-09-13,US,25-34,Male
862,2025-09-13,Other,35-44,Female
863,2025-09-13,UK,55+,Female
864,2025-09-13,CA,35-44,Male
865,2025-09-13,US,25-34,Female
866,2025-09-13,UK,45-54,Male
867,2025-09-13,CA,35-44,Female
868,2025-09-13,UK,55+,Female
869,2025-09-13,UK,35-44,Male
870,2025-09-13,UK,35-44,Male
871,2025-09-13,US,25-34,Male
872,2025-09-13,US,25-34,Female
873,2025-09-13,US,55+,Female
874,2025-09-13,Other,25-34,Male
875,2025-09-13,UK,18-24,Male
876,2025-09-13,US,45-54,Male
877,2025-09-13,US,25-34,Female
878,2025-09-13,UK,35-44,Male
879,2025-09-13,DE,18-24,Male
880,2025-09-13,Other,25-34,Male
881,2025-09-13,US,45-54,Female
882,2025-09-13,US,18-24,Female
883,2025-09-13,DE,18-24,Male
884,2025-09-13,CA,35-44,Male
885,2025-09-13,CA,25-34,Female
886,2025-09-13,UK,18-24,Female
887,2025-09-13,US,45-54,Female
888,2025-09-13,US,35-44,Female
889,2025-09-13,UK,55+,Male
890,2025-09-13,CA,55+,Female
891,2025-09-13,US,25-34,Male
892,2025-09-13,CA,25-34,Male
893,2025-09-13,US,18-24,Male
894,2025-09-13,DE,45-54,Female
895,2025-09-13,US,35-44,Female
896,2025-09-13,UK,35-44,Male
897,2025-09-13,CA,18-24,Female
898,2025-09-13,Other,45-54,Male
899,2025-09-13,US,18-24,Female
900,2025-09-13,UK,25-34,Male
901,2025-09-13,AU,35-44,Female
902,2025-09-13,Other,35-44,Female
903,2025-09-13,US,25-34,Male
904,2025-09-13,AU,45-54,Male
905,2025-09-13,CA,45-54,Male
906,2025-09-13,UK,55+,Male
907,2025-09-13,AU,25-34,Male
908,2025-09-13,US,25-34,Male
909,2025-09-13,US,35-44,Male
910,2025-09-13,US,35-44,Female
911,2025-09-13,US,25-34,Male
912,2025-09-13,US,55+,Male
913,2025-09-13,DE,55+,Female
914,2025-09-13,UK,35-44,Female
915,2025-09-13,US,35-44,Female
916,2025-09-13,DE,45-54,Female
917,2025-09-13,US,45-54,Male
918,2025-09-13,US,25-34,Male
919,2025-09-13,US,55+,Female
920,2025-09-13,US,18-24,Male
921,2025-09-13,UK,25-34,Male
922,2025-09-13,US,35-44,Male
923,2025-09-13,UK,35-44,Female
924,2025-09-13,US,25-34,Female
925,2025-09-13,US,25-34,Female
926,2025-09-13,UK,55+,Female
927,2025-09-13,US,35-44,Female
928,2025-09-13,US,25-34,Male
929,2025-09-13,US,45-54,Male
930,2025-09-13,DE,35-44,Female
931,2025-09-13,AU,55+,Male
932,2025-09-13,US,25-34,Male
933,2025-09-13,AU,18-24,Male
934,2025-09-13,CA,35-44,Female
935,2025-09-13,UK,35-44,Male
936,2025-09-13,UK,18-24,Male
937,2025-09-13,US,45-54,Female
938,2025-09-13,CA,25-34,Female
939,2025-09-13,UK,25-34,Male
940,2025-09-13,US,35-44,Male
941,2025-09-13,AU,45-54,Male
942,2025-09-13,US,45-54,Male
943,2025-09-13,AU,25-34,Male
944,2025-09-13,CA,55+,Male
945,2025-09-13,Other,25-34,Female
946,2025-09-13,UK,25-34,Female
947,2025-09-13,UK,25-34,Male
948,2025-09-13,US,25-34,Male
949,2025-09-13,US,25-34,Female
950,2025-09-13,US,25-34,Female
951,2025-09-13,AU,25-34,Male
952,2025-09-13,CA,45-54,Male
953,2025-09-13,US,25-34,Female
954,2025-09-13,CA,18-24,Female
955,2025-09-13,CA,55+,Female
956,2025-09-13,US,35-44,Male
957,2025-09-13,CA,35-44,Female
958,2025-09-13,UK,25-34,Male
959,2025-09-13,CA,25-34,Female
960,2025-09-13,CA,25-34,Male
961,2025-09-13,US,35-44,Male
962,2025-09-13,Other,25-34,Male
963,2025-09-13,CA,18-24,Female
964,2025-09-13,CA,25-34,Female
965,2025-09-13,US,35-44,Male
966,2025-09-13,US,25-34,Female
967,2025-09-13,UK,35-44,Female
968,2025-09-13,UK,55+,Male
969,2025-09-13,US,18-24,Female
970,2025-09-13,UK,45-54,Male
971,2025-09-13,UK,35-44,Male
972,2025-09-13,US,35-44,Female
973,2025-09-13,DE,18-24,Male
974,2025-09-13,UK,18-24,Male
975,2025-09-13,AU,25-34,Male
976,2025-09-13,Other,35-44,Male
977,2025-09-13,AU,35-44,Male
978,2025-09-13,DE,25-34,Female
979,2025-09-13,US,25-34,Male
980,2025-09-13,US,25-34,Female
981,2025-09-13,CA,25-34,Male
982,2025-09-13,AU,35-44,Male
983,2025-09-13,UK,35-44,Male
984,2025-09-13,AU,35-44,Male
985,2025-09-13,DE,18-24,Male
986,2025-09-13,US,18-24,Female
987,2025-09-13,UK,25-34,Male
988,2025-09-13,AU,55+,Male
989,2025-09-13,UK,35-44,Male
990,2025-09-13,AU,18-24,Female
991,2025-09-13,CA,35-44,Male
992,2025-09-13,US,55+,Male
993,2025-09-13,US,25-34,Male
994,2025-09-13,AU,25-34,Female
995,2025-09-13,US,55+,Female
996,2025-09-13,US,25-34,Female
997,2025-09-13,AU,25-34,Male
998,2025-09-13,AU,25-34,Male
999,2025-09-13,UK,45-54,Male
1000,2025-09-13,US,35-44,Male
1001,2025-09-13,UK,45-54,Female
1002,2025-09-13,US,45-54,Female
1003,2025-09-13,US,35-44,Male
1004,2025-09-13,US,35-44,Female
1005,2025-09-13,AU,18-24,Female
1006,2025-09-13,DE,18-24,Female
1007,2025-09-13,AU,45-54,Female
1008,2025-09-13,AU,25-34,Male
1009,2025-09-13,US,45-54,Male
1010,2025-09-13,UK,18-24,Female
1011,2025-09-13,US,25-34,Female
1012,2025-09-13,UK,25-34,Male
1013,2025-09-13,DE,25-34,Male
1014,2025-09-13,US,25-34,Female
1015,2025-09-13,US,45-54,Male
1016,2025-09-13,US,35-44,Female
1017,2025-09-13,US,18-24,Female
1018,2025-09-13,AU,45-54,Male
1019,2025-09-13,UK,45-54,Male
1020,2025-09-13,UK,45-54,Male
1021,2025-09-13,US,25-34,Female
1022,2025-09-13,US,35-44,Male
1023,2025-09-13,CA,18-24,Male
1024,2025-09-13,UK,25-34,Male
1025,2025-09-13,AU,35-44,Female
1026,2025-09-13,CA,25-34,Female
1027,2025-09-13,DE,25-34,Male
1028,2025-09-13,US,25-34,Female
1029,2025-09-13,DE,25-34,Female
1030,2025-09-13,CA,55+,Female
1031,2025-09-13,UK,25-34,Female
1032,2025-09-13,AU,18-24,Female
1033,2025-09-13,UK,45-54,Male
1034,2025-09-13,UK,35-44,Female
1035,2025-09-13,CA,55+,Male
1036,2025-09-13,US,55+,Male
1037,2025-09-13,US,25-34,Male
1038,2025-09-13,UK,55+,Female
1039,2025-09-13,US,55+,Female
1040,2025-09-13,US,25-34,Male
1041,2025-09-13,AU,35-44,Male
1042,2025-09-13,DE,25-34,Female
1043,2025-09-13,US,18-24,Male
1044,2025-09-13,US,25-34,Male
1045,2025-09-13,US,25-34,Male
1046,2025-09-13,AU,45-54,Female
1047,2025-09-13,UK,25-34,Female
1048,2025-09-13,AU,55+,Female
1049,2025-09-13,US,18-24,Male
1050,2025-09-13,CA,45-54,Female
1051,2025-09-13,UK,25-34,Female
1052,2025-09-13,US,25-34,Female
1053,2025-09-13,US,45-54,Female
1054,2025-09-13,UK,25-34,Female
1055,2025-09-13,CA,25-34,Female
1056,2025-09-13,CA,25-34,Female
1057,2025-09-13,DE,55+,Male
1058,2025-09-13,DE,45-54,Female
1059,2025-09-13,UK,55+,Male
1060,2025-09-13,US,25-34,Female
1061,2025-09-13,AU,45-54,Female
1062,2025-09-13,UK,25-34,Male
1063,2025-09-13,AU,35-44,Female
1064,2025-09-13,AU,35-44,Female
1065,2025-09-13,US,45-54,Female
1066,2025-09-13,AU,35-44,Female
1067,2025-09-13,DE,25-34,Male
1068,2025-09-13,US,25-34,Male
1069,2025-09-13,US,45-54,Male
1070,2025-09-13,US,25-34,Female
1071,2025-09-13,DE,35-44,Female
1072,2025-09-13,DE,35-44,Female
1073,2025-09-13,UK,25-34,Female
1074,2025-09-13,US,35-44,Male
1075,2025-09-13,DE,35-44,Female
1076,2025-09-13,US,45-54,Female
1077,2025-09-13,US,45-54,Female
1078,2025-09-13,UK,35-44,Female
1079,2025-09-13,US,45-54,Female
1080,2025-09-13,US,35-44,Female
1081,2025-09-13,CA,18-24,Female
1082,2025-09-13,US,45-54,Female
1083,2025-09-13,US,35-44,Female
1084,2025-09-13,DE,35-44,Male
1085,2025-09-13,US,45-54,Male
1086,2025-09-13,US,35-44,Female
1087,2025-09-13,UK,35-44,Male
1088,2025-09-13,CA,35-44,Male
1089,2025-09-13,DE,25-34,Female
1090,2025-09-13,US,55+,Female
1091,2025-09-13,DE,45-54,Male
1092,2025-09-13,UK,25-34,Female
1093,2025-09-13,UK,18-24,Male
1094,2025-09-13,US,25-34,Female
1095,2025-09-13,US,45-54,Female
1096,2025-09-13,US,25-34,Male
1097,2025-09-13,CA,35-44,Female
1098,2025-09-13,US,18-24,Female
1099,2025-09-13,AU,45-54,Male
1100,2025-09-13,US,55+,Male
1101,2025-09-13,Other,18-24,Female
1102,2025-09-13,DE,25-34,Female
1103,2025-09-13,US,55+,Male
1104,2025-09-13,UK,35-44,Male
1105,2025-09-13,DE,25-34,Female
1106,2025-09-13,US,35-44,Female
1107,2025-09-13,UK,25-34,Female
1108,2025-09-13,CA,45-54,Male
1109,2025-09-13,CA,18-24,Male
1110,2025-09-13,AU,25-34,Male
1111,2025-09-13,DE,25-34,Female
1112,2025-09-13,UK,25-34,Female
1113,2025-09-13,CA,25-34,Male
1114,2025-09-13,AU,25-34,Male
1115,2025-09-13,UK,18-24,Female
1116,2025-09-13,US,18-24,Female
1117,2025-09-13,CA,25-34,Male
1118,2025-09-13,CA,18-24,Female
1119,2025-09-13,CA,25-34,Female
1120,2025-09-13,UK,25-34,Female
1121,2025-09-13,UK,35-44,Male
1122,2025-09-13,Other,45-54,Male
1123,2025-09-13,UK,25-34,Male
1124,2025-09-13,US,55+,Male
1125,2025-09-13,US,25-34,Female
1126,2025-09-13,UK,25-34,Male
1127,2025-09-13,AU,45-54,Female
1128,2025-09-13,US,18-24,Female
1129,2025-09-13,US,25-34,Female
1130,2025-09-13,Other,55+,Male
1131,2025-09-13,UK,25-34,Female
1132,2025-09-13,US,25-34,Male
1133,2025-09-13,AU,25-34,Male
1134,2025-09-13,US,25-34,Male
1135,2025-09-13,US,18-24,Male
1136,2025-09-13,CA,18-24,Female
1137,2025-09-13,CA,45-54,Female
1138,2025-09-13,US,45-54,Male
1139,2025-09-13,US,55+,Female
1140,2025-09-13,DE,55+,Female
1141,2025-09-13,DE,25-34,Female
1142,2025-09-13,CA,25-34,Female
1143,2025-09-13,US,25-34,Male
1144,2025-09-13,DE,35-44,Female
1145,2025-09-13,CA,25-34,Female
1146,2025-09-13,DE,45-54,Female
1147,2025-09-13,UK,25-34,Female
1148,2025-09-13,DE,18-24,Male
1149,2025-09-13,UK,25-34,Male
1150,2025-09-13,US,25-34,Female
1151,2025-09-13,DE,35-44,Male
1152,2025-09-13,UK,25-34,Female
1153,2025-09-13,UK,25-34,Male
1154,2025-09-13,US,35-44,Male
1155,2025-09-13,AU,35-44,Male
1156,2025-09-13,DE,25-34,Male
1157,2025-09-13,DE,25-34,Female
1158,2025-09-13,DE,35-44,Male
1159,2025-09-13,US,25-34,Male
1160,2025-09-13,UK,45-54,Female
1161,2025-09-13,US,35-44,Male
1162,2025-09-13,Other,45-54,Male
1163,2025-09-13,UK,35-44,Female
1164,2025-09-13,AU,55+,Female
1165,2025-09-13,UK,25-34,Female
1166,2025-09-13,Other,35-44,Female
1167,2025-09-13,US,25-34,Male
1168,2025-09-13,AU,45-54,Female
1169,2025-09-13,DE,18-24,Female
1170,2025-09-13,AU,18-24,Female
1171,2025-09-13,US,45-54,Male
1172,2025-09-13,AU,25-34,Male
1173,2025-09-13,US,18-24,Male
1174,2025-09-13,CA,25-34,Male
1175,2025-09-13,US,25-34,Female
1176,2025-09-13,DE,25-34,Female
1177,2025-09-13,US,55+,Male
1178,2025-09-13,DE,45-54,Female
1179,2025-09-13,AU,35-44,Male
1180,2025-09-13,US,35-44,Female
1181,2025-09-13,US,35-44,Female
1182,2025-09-13,US,25-34,Male
1183,2025-09-13,CA,25-34,Female
1184,2025-09-13,US,25-34,Male
1185,2025-09-13,CA,45-54,Female
1186,2025-09-13,CA,45-54,Female
1187,2025-09-13,US,25-34,Male
1188,2025-09-13,CA,45-54,Female
1189,2025-09-13,AU,25-34,Male
1190,2025-09-13,DE,25-34,Female
1191,2025-09-13,US,55+,Female
1192,2025-09-13,CA,18-24,Male
1193,2025-09-13,CA,25-34,Male
1194,2025-09-13,US,25-34,Male
1195,2025-09-13,US,25-34,Male
1196,2025-09-13,US,35-44,Female
1197,2025-09-13,Other,55+,Female
1198,2025-09-13,US,55+,Male
1199,2025-09-13,UK,25-34,Female
1200,2025-09-13,US,55+,Male
1201,2025-09-13,CA,35-44,Female
1202,2025-09-13,US,25-34,Male
1203,2025-09-13,UK,25-34,Male
1204,2025-09-13,CA,45-54,Male
1205,2025-09-13,US,25-34,Female
1206,2025-09-13,US,35-44,Female
1207,2025-09-13,CA,25-34,Male
1208,2025-09-13,UK,25-34,Male
1209,2025-09-13,UK,18-24,Male
1210,2025-09-13,DE,45-54,Female
1211,2025-09-13,AU,35-44,Female
1212,2025-09-13,US,25-34,Female
1213,2025-09-13,US,18-24,Male
1214,2025-09-13,US,35-44,Male
1215,2025-09-13,US,55+,Male
1216,2025-09-13,US,35-44,Male
1217,2025-09-13,CA,45-54,Female
1218,2025-09-13,CA,35-44,Female
1219,2025-09-13,US,45-54,Male
1220,2025-09-13,UK,35-44,Male
1221,2025-09-13,CA,25-34,Male
1222,2025-09-13,Other,35-44,Female
1223,2025-09-13,Other,45-54,Female
1224,2025-09-13,US,18-24,Female
1225,2025-09-13,UK,18-24,Female
1226,2025-09-13,US,18-24,Female
1227,2025-09-13,CA,25-34,Male
1228,2025-09-13,US,18-24,Male
1229,2025-09-13,US,18-24,Male
1230,2025-09-13,CA,25-34,Male
1231,2025-09-13,US,25-34,Female
1232,2025-09-13,DE,55+,Male
1233,2025-09-13,AU,25-34,Female
1234,2025-09-13,US,35-44,Male
1235,2025-09-13,CA,35-44,Female
1236,2025-09-13,AU,25-34,Female
1237,2025-09-13,AU,45-54,Female
1238,2025-09-13,UK,55+,Female
1239,2025-09-13,UK,25-34,Male
1240,2025-09-13,US,18-24,Male
1241,2025-09-13,CA,25-34,Female
1242,2025-09-13,UK,25-34,Male
1243,2025-09-13,US,25-34,Male
1244,2025-09-13,US,18-24,Female
1245,2025-09-13,US,18-24,Male
1246,2025-09-13,UK,25-34,Female
1247,2025-09-13,US,25-34,Male
1248,2025-09-13,CA,25-34,Male
1249,2025-09-13,DE,55+,Male
1250,2025-09-13,US,25-34,Female
1251,2025-09-13,DE,35-44,Male
1252,2025-09-13,US,25-34,Female
1253,2025-09-13,US,25-34,Male
1254,2025-09-13,US,25-34,Female
1255,2025-09-13,US,25-34,Female
1256,2025-09-13,US,25-34,Female
1257,2025-09-13,US,55+,Female
1258,2025-09-13,DE,18-24,Female
1259,2025-09-13,DE,25-34,Female
1260,2025-09-13,UK,35-44,Male
1261,2025-09-13,CA,25-34,Male
1262,2025-09-13,DE,35-44,Female
1263,2025-09-13,US,25-34,Female
1264,2025-09-13,US,25-34,Male
1265,2025-09-13,US,35-44,Male
1266,2025-09-13,AU,35-44,Female
1267,2025-09-13,UK,55+,Female
1268,2025-09-13,DE,18-24,Male
1269,2025-09-13,UK,35-44,Male
1270,2025-09-13,UK,35-44,Male
1271,2025-09-13,US,18-24,Male
1272,2025-09-13,US,18-24,Male
1273,2025-09-13,CA,35-44,Male
1274,2025-09-13,US,55+,Female
1275,2025-09-13,UK,25-34,Female
1276,2025-09-13,US,25-34,Male
1277,2025-09-13,US,35-44,Male
1278,2025-09-13,US,25-34,Male
1279,2025-09-13,US,18-24,Male
1280,2025-09-13,CA,55+,Male
1281,2025-09-13,Other,45-54,Male
1282,2025-09-13,DE,25-34,Male
1283,2025-09-13,DE,18-24,Female
1284,2025-09-13,US,35-44,Male
1285,2025-09-13,UK,25-34,Male
1286,2025-09-13,DE,55+,Female
1287,2025-09-13,CA,18-24,Male
1288,2025-09-13,CA,25-34,Male
1289,2025-09-13,Other,25-34,Female
1290,2025-09-13,UK,55+,Male
1291,2025-09-13,CA,35-44,Male
1292,2025-09-13,AU,25-34,Female
1293,2025-09-13,Other,25-34,Male
1294,2025-09-13,DE,55+,Female
1295,2025-09-13,DE,18-24,Female
1296,2025-09-13,US,25-34,Female
1297,2025-09-13,CA,18-24,Male
1298,2025-09-13,AU,35-44,Male
1299,2025-09-13,US,25-34,Male
1300,2025-09-13,US,45-54,Female
1301,2025-09-13,CA,25-34,Male
1302,2025-09-13,Other,25-34,Female
1303,2025-09-13,UK,18-24,Male
1304,2025-09-13,US,25-34,Female
1305,2025-09-13,US,25-34,Female
1306,2025-09-13,US,25-34,Male
1307,2025-09-13,UK,55+,Female
1308,2025-09-13,US,55+,Female
1309,2025-09-13,US,35-44,Male
1310,2025-09-13,UK,25-34,Female
1311,2025-09-13,DE,25-34,Male
1312,2025-09-13,CA,35-44,Female
1313,2025-09-13,UK,35-44,Female
1314,2025-09-13,UK,35-44,Female
1315,2025-09-13,UK,35-44,Male
1316,2025-09-13,UK,18-24,Female
1317,2025-09-13,AU,18-24,Male
1318,2025-09-13,UK,45-54,Female
1319,2025-09-13,CA,25-34,Female
1320,2025-09-13,US,25-34,Male
1321,2025-09-13,AU,45-54,Male
1322,2025-09-13,US,25-34,Male
1323,2025-09-13,AU,55+,Female
1324,2025-09-13,AU,18-24,Female
1325,2025-09-13,CA,55+,Male
1326,2025-09-13,UK,25-34,Male
1327,2025-09-13,US,45-54,Male
1328,2025-09-13,US,55+,Female
1329,2025-09-13,CA,35-44,Male
1330,2025-09-13,US,18-24,Male
1331,2025-09-13,CA,35-44,Male
1332,2025-09-13,DE,25-34,Male
1333,2025-09-13,CA,35-44,Male
1334,2025-09-13,US,45-54,Female
1335,2025-09-13,UK,25-34,Male
1336,2025-09-13,UK,25-34,Male
1337,2025-09-13,US,25-34,Female
1338,2025-09-13,US,25-34,Female
1339,2025-09-13,CA,35-44,Male
1340,2025-09-13,US,35-44,Female
1341,2025-09-13,UK,25-34,Female
1342,2025-09-13,US,35-44,Female
1343,2025-09-13,US,18-24,Male
1344,2025-09-13,US,25-34,Female
1345,2025-09-13,CA,35-44,Female
1346,2025-09-13,US,35-44,Female
1347,2025-09-13,DE,35-44,Male
1348,2025-09-13,AU,25-34,Female
1349,2025-09-13,DE,45-54,Male
1350,2025-09-13,US,45-54,Male
1351,2025-09-13,UK,35-44,Female
1352,2025-09-13,UK,18-24,Male
1353,2025-09-13,DE,35-44,Female
1354,2025-09-13,AU,18-24,Female
1355,2025-09-13,DE,25-34,Male
1356,2025-09-13,UK,25-34,Male
1357,2025-09-13,US,18-24,Male
1358,2025-09-13,CA,25-34,Female
1359,2025-09-13,CA,25-34,Male
1360,2025-09-13,US,55+,Male
1361,2025-09-13,UK,55+,Female
1362,2025-09-13,US,35-44,Male
1363,2025-09-13,US,18-24,Male
1364,2025-09-13,CA,35-44,Male
1365,2025-09-13,CA,18-24,Male
1366,2025-09-13,US,45-54,Female
1367,2025-09-13,US,35-44,Male
1368,2025-09-13,US,55+,Female
1369,2025-09-13,AU,25-34,Female
1370,2025-09-13,DE,45-54,Female
1371,2025-09-13,AU,35-44,Female
1372,2025-09-13,CA,25-34,Female
1373,2025-09-13,DE,45-54,Male
1374,2025-09-13,DE,35-44,Female
1375,2025-09-13,CA,18-24,Female
1376,2025-09-13,CA,25-34,Male
1377,2025-09-13,CA,18-24,Female
1378,2025-09-13,AU,45-54,Male
1379,2025-09-13,UK,25-34,Female
1380,2025-09-13,UK,35-44,Female
1381,2025-09-13,US,25-34,Female
1382,2025-09-13,US,25-34,Male
1383,2025-09-13,US,55+,Female
1384,2025-09-13,US,55+,Male
1385,2025-09-13,DE,35-44,Male
1386,2025-09-13,Other,35-44,Female
1387,2025-09-13,Other,25-34,Male
1388,2025-09-13,US,55+,Female
1389,2025-09-13,US,45-54,Male
1390,2025-09-13,US,18-24,Male
1391,2025-09-13,DE,25-34,Female
1392,2025-09-13,AU,18-24,Male
1393,2025-09-13,UK,25-34,Female
1394,2025-09-13,UK,18-24,Female
1395,2025-09-13,CA,55+,Male
1396,2025-09-13,US,25-34,Male
1397,2025-09-13,US,18-24,Female
1398,2025-09-13,US,18-24,Female
1399,2025-09-13,Other,25-34,Male
1400,2025-09-13,CA,35-44,Female
1401,2025-09-13,UK,55+,Female
1402,2025-09-13,UK,35-44,Female
1403,2025-09-13,Other,25-34,Male
1404,2025-09-13,US,35-44,Male
1405,2025-09-13,AU,18-24,Male
1406,2025-09-13,AU,25-34,Male
1407,2025-09-13,AU,25-34,Female
1408,2025-09-13,US,55+,Male
1409,2025-09-13,US,35-44,Male
1410,2025-09-13,US,18-24,Male
1411,2025-09-13,UK,18-24,Male
1412,2025-09-13,UK,18-24,Female
1413,2025-09-13,DE,18-24,Male
1414,2025-09-13,DE,45-54,Female
1415,2025-09-13,US,35-44,Female
1416,2025-09-13,US,35-44,Female
1417,2025-09-13,AU,18-24,Male
1418,2025-09-13,US,35-44,Male
1419,2025-09-13,UK,45-54,Male
1420,2025-09-13,US,18-24,Female
1421,2025-09-13,US,25-34,Female
1422,2025-09-13,US,25-34,Female
1423,2025-09-13,UK,35-44,Male
1424,2025-09-13,DE,55+,Male
1425,2025-09-13,US,25-34,Female
1426,2025-09-13,CA,55+,Female
1427,2025-09-13,CA,45-54,Male
1428,2025-09-13,CA,18-24,Female
1429,2025-09-13,US,35-44,Male
1430,2025-09-13,US,25-34,Female
1431,2025-09-13,AU,35-44,Female
1432,2025-09-13,US,25-34,Female
1433,2025-09-13,US,35-44,Female
1434,2025-09-13,Other,25-34,Female
1435,2025-09-13,US,45-54,Female
1436,2025-09-13,CA,25-34,Male
1437,2025-09-13,US,35-44,Female
1438,2025-09-13,US,25-34,Female
1439,2025-09-13,AU,25-34,Female
1440,2025-09-13,CA,25-34,Male
1441,2025-09-13,CA,25-34,Female
1442,2025-09-13,US,35-44,Male
1443,2025-09-13,AU,35-44,Female
1444,2025-09-13,DE,25-34,Male
1445,2025-09-13,CA,55+,Male
1446,2025-09-13,DE,35-44,Female
1447,2025-09-13,US,25-34,Male
1448,2025-09-13,US,45-54,Male
1449,2025-09-13,US,25-34,Female
1450,2025-09-13,UK,35-44,Male
1451,2025-09-13,UK,25-34,Female
1452,2025-09-13,US,45-54,Female
1453,2025-09-13,UK,45-54,Female
1454,2025-09-13,CA,45-54,Female
1455,2025-09-13,Other,25-34,Male
1456,2025-09-13,CA,35-44,Male
1457,2025-09-13,US,18-24,Male
1458,2025-09-13,CA,35-44,Male
1459,2025-09-13,US,25-34,Male
1460,2025-09-13,US,55+,Male
1461,2025-09-13,DE,18-24,Female
1462,2025-09-13,US,35-44,Male
1463,2025-09-13,UK,55+,Female
1464,2025-09-13,US,25-34,Male
1465,2025-09-13,Other,35-44,Female
1466,2025-09-13,US,25-34,Male
1467,2025-09-13,US,25-34,Female
1468,2025-09-13,UK,18-24,Female
1469,2025-09-13,US,18-24,Male
1470,2025-09-13,UK,25-34,Female
1471,2025-09-13,CA,25-34,Female
1472,2025-09-13,US,18-24,Female
1473,2025-09-13,UK,25-34,Male
1474,2025-09-13,US,55+,Male
1475,2025-09-13,US,45-54,Male
1476,2025-09-13,DE,35-44,Male
1477,2025-09-13,Other,25-34,Female
1478,2025-09-13,CA,25-34,Female
1479,2025-09-13,AU,25-34,Male
1480,2025-09-13,UK,45-54,Female
1481,2025-09-13,DE,25-34,Female
1482,2025-09-13,CA,55+,Female
1483,2025-09-13,US,25-34,Female
1484,2025-09-13,UK,25-34,Male
1485,2025-09-13,UK,25-34,Male
1486,2025-09-13,US,18-24,Female
1487,2025-09-13,US,25-34,Female
1488,2025-09-13,US,35-44,Female
1489,2025-09-13,US,25-34,Male
1490,2025-09-13,UK,25-34,Female
1491,2025-09-13,US,55+,Male
1492,2025-09-13,AU,25-34,Female
1493,2025-09-13,US,35-44,Female
1494,2025-09-13,DE,35-44,Female
1495,2025-09-13,Other,35-44,Male
1496,2025-09-13,UK,45-54,Male
1497,2025-09-13,UK,25-34,Female
1498,2025-09-13,US,35-44,Male
1499,2025-09-13,US,25-34,Male
1500,2025-09-13,DE,25-34,Female
1501,2025-09-13,US,35-44,Male
1502,2025-09-13,US,25-34,Male
1503,2025-09-13,US,45-54,Female
1504,2025-09-13,US,35-44,Female
1505,2025-09-13,US,25-34,Male
1506,2025-09-13,US,25-34,Male
1507,2025-09-13,CA,18-24,Female
1508,2025-09-13,US,45-54,Male
1509,2025-09-13,DE,55+,Female
1510,2025-09-13,CA,18-24,Female
1511,2025-09-13,US,35-44,Female
1512,2025-09-13,DE,18-24,Female
1513,2025-09-13,CA,18-24,Female
1514,2025-09-13,UK,25-34,Female
1515,2025-09-13,US,18-24,Female
1516,2025-09-13,UK,25-34,Female
1517,2025-09-13,CA,25-34,Male
1518,2025-09-13,US,35-44,Female
1519,2025-09-13,CA,45-54,Male
1520,2025-09-13,US,55+,Female
1521,2025-09-13,US,25-34,Male
1522,2025-09-13,UK,55+,Male
1523,2025-09-13,US,18-24,Male
1524,2025-09-13,UK,18-24,Male
1525,2025-09-13,US,25-34,Female
1526,2025-09-13,AU,55+,Female
1527,2025-09-13,CA,35-44,Female
1528,2025-09-13,US,35-44,Male
1529,2025-09-13,UK,55+,Male
1530,2025-09-13,US,45-54,Female
1531,2025-09-13,US,25-34,Male
1532,2025-09-13,US,35-44,Female
1533,2025-09-13,AU,45-54,Female
1534,2025-09-13,US,45-54,Female
1535,2025-09-13,DE,25-34,Male
1536,2025-09-13,UK,25-34,Male
1537,2025-09-13,DE,18-24,Male
1538,2025-09-13,CA,18-24,Male
1539,2025-09-13,DE,35-44,Male
1540,2025-09-13,DE,45-54,Female
1541,2025-09-13,DE,45-54,Female
1542,2025-09-13,CA,25-34,Female
1543,2025-09-13,US,25-34,Male
1544,2025-09-13,DE,18-24,Male
1545,2025-09-13,DE,35-44,Female
1546,2025-09-13,US,18-24,Male
1547,2025-09-13,US,25-34,Male
1548,2025-09-13,UK,25-34,Male
1549,2025-09-13,US,45-54,Female
1550,2025-09-13,Other,45-54,Female
1551,2025-09-13,US,35-44,Male
1552,2025-09-13,CA,25-34,Male
1553,2025-09-13,UK,25-34,Female
1554,2025-09-13,US,25-34,Female
1555,2025-09-13,DE,45-54,Male
1556,2025-09-13,US,25-34,Male
1557,2025-09-13,UK,35-44,Male
1558,2025-09-13,Other,45-54,Male
1559,2025-09-13,US,35-44,Female
1560,2025-09-13,AU,25-34,Female
1561,2025-09-13,US,35-44,Male
1562,2025-09-13,UK,25-34,Male
1563,2025-09-13,US,18-24,Male
1564,2025-09-13,Other,25-34,Male
1565,2025-09-13,UK,25-34,Female
1566,2025-09-13,DE,45-54,Male
1567,2025-09-13,US,35-44,Male
1568,2025-09-13,UK,25-34,Female
1569,2025-09-13,US,35-44,Female
1570,2025-09-13,US,18-24,Female
1571,2025-09-13,CA,25-34,Male
1572,2025-09-13,US,45-54,Female
1573,2025-09-13,UK,25-34,Female
1574,2025-09-13,US,55+,Female
1575,2025-09-13,UK,25-34,Male
1576,2025-09-13,US,25-34,Male
1577,2025-09-13,US,35-44,Female
1578,2025-09-13,CA,25-34,Female
1579,2025-09-13,UK,35-44,Male
1580,2025-09-13,UK,25-34,Male
1581,2025-09-13,US,25-34,Male
1582,2025-09-13,DE,45-54,Male
1583,2025-09-13,AU,55+,Male
1584,2025-09-13,UK,45-54,Female
1585,2025-09-13,US,25-34,Female
1586,2025-09-13,CA,18-24,Female
1587,2025-09-13,US,25-34,Female
1588,2025-09-13,UK,35-44,Male
1589,2025-09-13,CA,25-34,Male
1590,2025-09-13,UK,25-34,Male
1591,2025-09-13,UK,55+,Male
1592,2025-09-13,UK,35-44,Male
1593,2025-09-13,US,35-44,Male
1594,2025-09-13,CA,18-24,Male
1595,2025-09-13,US,25-34,Male
1596,2025-09-13,US,25-34,Male
1597,2025-09-13,CA,25-34,Male
1598,2025-09-13,US,35-44,Male
1599,2025-09-13,CA,25-34,Female
1600,2025-09-13,UK,25-34,Male
1601,2025-09-13,US,18-24,Female
1602,2025-09-13,UK,25-34,Male
1603,2025-09-13,DE,25-34,Male
1604,2025-09-13,US,25-34,Female
1605,2025-09-13,US,25-34,Male
1606,2025-09-13,AU,45-54,Male
1607,2025-09-13,US,25-34,Male
1608,2025-09-13,UK,25-34,Male
1609,2025-09-13,US,25-34,Male
1610,2025-09-13,UK,55+,Female
1611,2025-09-13,CA,45-54,Male
1612,2025-09-13,CA,45-54,Female
1613,2025-09-13,US,25-34,Female
1614,2025-09-13,US,55+,Male
1615,2025-09-13,US,25-34,Male
1616,2025-09-13,DE,35-44,Male
1617,2025-09-13,DE,35-44,Male
1618,2025-09-13,UK,25-34,Female
1619,2025-09-13,US,25-34,Male
1620,2025-09-13,Other,25-34,Male
1621,2025-09-13,US,25-34,Male
1622,2025-09-13,US,35-44,Male
1623,2025-09-13,US,25-34,Male
1624,2025-09-13,DE,35-44,Male
1625,2025-09-13,AU,18-24,Female
1626,2025-09-13,US,45-54,Female
1627,2025-09-13,UK,18-24,Female
1628,2025-09-13,UK,18-24,Female
1629,2025-09-13,US,25-34,Male
1630,2025-09-13,DE,25-34,Male
1631,2025-09-13,AU,25-34,Male
1632,2025-09-13,UK,35-44,Female
1633,2025-09-13,UK,45-54,Male
1634,2025-09-13,Other,45-54,Male
1635,2025-09-13,CA,35-44,Female
1636,2025-09-13,US,35-44,Female
1637,2025-09-13,AU,25-34,Male
1638,2025-09-13,UK,25-34,Female
1639,2025-09-13,AU,25-34,Male
1640,2025-09-13,DE,35-44,Male
1641,2025-09-13,US,25-34,Male
1642,2025-09-13,US,25-34,Female
1643,2025-09-13,CA,45-54,Female
1644,2025-09-13,US,18-24,Male
1645,2025-09-13,US,35-44,Female
1646,2025-09-13,US,35-44,Male
1647,2025-09-13,UK,35-44,Female
1648,2025-09-13,CA,18-24,Female
1649,2025-09-13,CA,25-34,Male
1650,2025-09-13,AU,35-44,Female
1651,2025-09-13,UK,18-24,Male
1652,2025-09-13,US,25-34,Male
1653,2025-09-13,UK,25-34,Female
1654,2025-09-13,US,35-44,Male
1655,2025-09-13,US,35-44,Female
1656,2025-09-13,US,18-24,Female
1657,2025-09-13,UK,45-54,Female
1658,2025-09-13,US,55+,Female
1659,2025-09-13,CA,18-24,Male
1660,2025-09-13,US,35-44,Male
1661,2025-09-13,US,18-24,Female
1662,2025-09-13,CA,25-34,Female
1663,2025-09-13,US,45-54,Male
1664,2025-09-13,UK,35-44,Female
1665,2025-09-13,US,25-34,Female
1666,2025-09-13,US,55+,Female
1667,2025-09-13,CA,25-34,Female
1668,2025-09-13,AU,18-24,Female
1669,2025-09-13,US,25-34,Female
1670,2025-09-13,AU,35-44,Male
1671,2025-09-13,UK,18-24,Male
1672,2025-09-13,AU,25-34,Male
1673,2025-09-13,UK,45-54,Female
1674,2025-09-13,US,55+,Female
1675,2025-09-13,US,25-34,Female
1676,2025-09-13,US,35-44,Male
1677,2025-09-13,AU,25-34,Male
1678,2025-09-13,US,55+,Female
1679,2025-09-13,US,18-24,Male
1680,2025-09-13,US,35-44,Male
1681,2025-09-13,UK,35-44,Female
1682,2025-09-13,US,25-34,Female
1683,2025-09-13,CA,25-34,Female
1684,2025-09-13,US,45-54,Female
1685,2025-09-13,UK,18-24,Female
1686,2025-09-13,US,25-34,Male
1687,2025-09-13,AU,25-34,Male
1688,2025-09-13,AU,55+,Female
1689,2025-09-13,DE,35-44,Male
1690,2025-09-13,CA,25-34,Female
1691,2025-09-13,UK,25-34,Male
1692,2025-09-13,AU,18-24,Male
1693,2025-09-13,US,18-24,Female
1694,2025-09-13,DE,45-54,Male
1695,2025-09-13,CA,35-44,Female
1696,2025-09-13,CA,35-44,Male
1697,2025-09-13,Other,45-54,Female
1698,2025-09-13,US,45-54,Male
1699,2025-09-13,DE,35-44,Female
1700,2025-09-13,UK,18-24,Male
1701,2025-09-13,CA,25-34,Female
1702,2025-09-13,US,18-24,Female
1703,2025-09-13,Other,45-54,Female
1704,2025-09-13,UK,35-44,Male
1705,2025-09-13,US,18-24,Male
1706,2025-09-13,US,35-44,Female
1707,2025-09-13,Other,35-44,Male
1708,2025-09-13,US,35-44,Male
1709,2025-09-13,Other,25-34,Male
1710,2025-09-13,DE,25-34,Female
1711,2025-09-13,US,25-34,Female
1712,2025-09-13,Other,35-44,Male
1713,2025-09-13,US,25-34,Female
1714,2025-09-13,CA,18-24,Male
1715,2025-09-13,AU,25-34,Female
1716,2025-09-13,UK,25-34,Male
1717,2025-09-13,US,18-24,Male
1718,2025-09-13,CA,55+,Male
1719,2025-09-13,US,25-34,Male
1720,2025-09-13,US,35-44,Male
1721,2025-09-13,US,25-34,Male
1722,2025-09-13,US,35-44,Male
1723,2025-09-13,CA,55+,Male
1724,2025-09-13,US,55+,Male
1725,2025-09-13,UK,18-24,Female
1726,2025-09-13,AU,18-24,Female
1727,2025-09-13,AU,18-24,Male
1728,2025-09-13,US,18-24,Male
1729,2025-09-13,AU,35-44,Female
1730,2025-09-13,UK,25-34,Male
1731,2025-09-13,DE,25-34,Female
1732,2025-09-13,US,25-34,Male
1733,2025-09-13,UK,18-24,Female
1734,2025-09-13,US,35-44,Male
1735,2025-09-13,US,45-54,Female
1736,2025-09-13,US,25-34,Male
1737,2025-09-13,US,25-34,Male
1738,2025-09-13,US,25-34,Female
1739,2025-09-13,US,25-34,Male
1740,2025-09-13,US,25-34,Male
1741,2025-09-13,US,18-24,Male
1742,2025-09-13,AU,55+,Male
1743,2025-09-13,US,25-34,Female
1744,2025-09-13,Other,35-44,Male
1745,2025-09-13,UK,18-24,Male
1746,2025-09-13,US,25-34,Female
1747,2025-09-13,US,45-54,Male
1748,2025-09-13,DE,25-34,Male
1749,2025-09-13,US,55+,Male
1750,2025-09-13,UK,35-44,Male
1751,2025-09-13,AU,35-44,Female
1752,2025-09-13,US,25-34,Male
1753,2025-09-13,CA,35-44,Male
1754,2025-09-13,Other,35-44,Male
1755,2025-09-13,US,55+,Female
1756,2025-09-13,CA,25-34,Male
1757,2025-09-13,CA,25-34,Female
1758,2025-09-13,US,25-34,Female
1759,2025-09-13,US,18-24,Female
1760,2025-09-13,CA,25-34,Male
1761,2025-09-13,DE,25-34,Male
1762,2025-09-13,AU,35-44,Female
1763,2025-09-13,DE,35-44,Female
1764,2025-09-13,UK,45-54,Female
1765,2025-09-13,AU,18-24,Female
1766,2025-09-13,US,35-44,Male
1767,2025-09-13,UK,25-34,Male
1768,2025-09-13,UK,25-34,Male
1769,2025-09-13,US,25-34,Female
1770,2025-09-13,AU,35-44,Male
1771,2025-09-13,US,25-34,Male
1772,2025-09-13,CA,18-24,Female
1773,2025-09-13,US,18-24,Female
1774,2025-09-13,US,55+,Male
1775,2025-09-13,US,25-34,Female
1776,2025-09-13,UK,35-44,Male
1777,2025-09-13,UK,18-24,Female
1778,2025-09-13,US,18-24,Female
1779,2025-09-13,AU,25-34,Female
1780,2025-09-13,CA,35-44,Male
1781,2025-09-13,US,55+,Male
1782,2025-09-13,UK,45-54,Female
1783,2025-09-13,CA,35-44,Male
1784,2025-09-13,UK,18-24,Female
1785,2025-09-13,US,35-44,Female
1786,2025-09-13,US,25-34,Female
1787,2025-09-13,DE,55+,Female
1788,2025-09-13,CA,18-24,Male
1789,2025-09-13,US,18-24,Male
1790,2025-09-13,US,35-44,Female
1791,2025-09-13,CA,25-34,Male
1792,2025-09-13,CA,35-44,Male
1793,2025-09-13,UK,55+,Male
1794,2025-09-13,UK,35-44,Male
1795,2025-09-13,US,18-24,Male
1796,2025-09-13,Other,35-44,Male
1797,2025-09-13,DE,45-54,Female
1798,2025-09-13,DE,25-34,Male
1799,2025-09-13,AU,45-54,Male
1800,2025-09-13,US,55+,Male
1801,2025-09-13,AU,25-34,Female
1802,2025-09-13,Other,35-44,Female
1803,2025-09-13,UK,35-44,Female
1804,2025-09-13,UK,55+,Female
1805,2025-09-13,DE,35-44,Female
1806,2025-09-13,Other,25-34,Female
1807,2025-09-13,DE,35-44,Male
1808,2025-09-13,UK,35-44,Female
1809,2025-09-13,CA,18-24,Female
1810,2025-09-13,DE,25-34,Female
1811,2025-09-13,CA,45-54,Male
1812,2025-09-13,DE,25-34,Female
1813,2025-09-13,US,55+,Female
1814,2025-09-13,CA,45-54,Male
1815,2025-09-13,UK,25-34,Female
1816,2025-09-13,CA,35-44,Female
1817,2025-09-13,UK,55+,Male
1818,2025-09-13,US,25-34,Female
1819,2025-09-13,US,25-34,Female
1820,2025-09-13,US,25-34,Male
1821,2025-09-13,US,25-34,Male
1822,2025-09-13,CA,18-24,Male
1823,2025-09-13,UK,35-44,Male
1824,2025-09-13,US,25-34,Male
1825,2025-09-13,DE,18-24,Female
1826,2025-09-13,UK,35-44,Male
1827,2025-09-13,US,35-44,Male
1828,2025-09-13,US,45-54,Male
1829,2025-09-13,UK,25-34,Female
1830,2025-09-13,CA,18-24,Female
1831,2025-09-13,US,45-54,Male
1832,2025-09-13,US,45-54,Male
1833,2025-09-13,UK,35-44,Female
1834,2025-09-13,CA,18-24,Male
1835,2025-09-13,CA,35-44,Female
1836,2025-09-13,CA,18-24,Female
1837,2025-09-13,Other,55+,Female
1838,2025-09-13,UK,35-44,Female
1839,2025-09-13,AU,55+,Male
1840,2025-09-13,US,25-34,Female
1841,2025-09-13,AU,35-44,Male
1842,2025-09-13,CA,25-34,Female
1843,2025-09-13,US,35-44,Male
1844,2025-09-13,US,55+,Male
1845,2025-09-13,CA,18-24,Female
1846,2025-09-13,US,18-24,Male
1847,2025-09-13,AU,25-34,Female
1848,2025-09-13,US,55+,Female
1849,2025-09-13,DE,55+,Male
1850,2025-09-13,CA,18-24,Female
1851,2025-09-13,UK,25-34,Female
1852,2025-09-13,US,35-44,Male
1853,2025-09-13,US,18-24,Male
1854,2025-09-13,DE,25-34,Male
1855,2025-09-13,UK,25-34,Female
1856,2025-09-13,US,25-34,Male
1857,2025-09-13,US,25-34,Male
1858,2025-09-13,US,18-24,Male
1859,2025-09-13,UK,45-54,Female
1860,2025-09-13,CA,25-34,Female
1861,2025-09-13,US,18-24,Female
1862,2025-09-13,UK,18-24,Male
1863,2025-09-13,AU,18-24,Male
1864,2025-09-13,CA,35-44,Male
1865,2025-09-13,UK,18-24,Female
1866,2025-09-13,UK,55+,Male
1867,2025-09-13,UK,45-54,Male
1868,2025-09-13,UK,25-34,Male
1869,2025-09-13,US,45-54,Female
1870,2025-09-13,US,45-54,Female
1871,2025-09-13,US,55+,Female
1872,2025-09-13,Other,35-44,Female
1873,2025-09-13,Other,45-54,Female
1874,2025-09-13,UK,25-34,Female
1875,2025-09-13,DE,35-44,Male
1876,2025-09-13,AU,55+,Male
1877,2025-09-13,US,55+,Male
1878,2025-09-13,US,35-44,Male
1879,2025-09-13,AU,35-44,Female
1880,2025-09-13,UK,35-44,Male
1881,2025-09-13,AU,18-24,Female
1882,2025-09-13,Other,55+,Female
1883,2025-09-13,UK,25-34,Female
1884,2025-09-13,US,55+,Male
1885,2025-09-13,AU,18-24,Male
1886,2025-09-13,UK,25-34,Female
1887,2025-09-13,US,25-34,Male
1888,2025-09-13,US,35-44,Male
1889,2025-09-13,US,25-34,Male
1890,2025-09-13,AU,18-24,Female
1891,2025-09-13,US,25-34,Female
1892,2025-09-13,DE,25-34,Female
1893,2025-09-13,DE,25-34,Female
1894,2025-09-13,AU,45-54,Male
1895,2025-09-13,UK,55+,Male
1896,2025-09-13,US,55+,Female
1897,2025-09-13,AU,18-24,Female
1898,2025-09-13,CA,25-34,Male
1899,2025-09-13,AU,25-34,Female
1900,2025-09-13,US,25-34,Male
1901,2025-09-13,UK,18-24,Male
1902,2025-09-13,DE,35-44,Male
1903,2025-09-13,US,45-54,Female
1904,2025-09-13,UK,45-54,Female
1905,2025-09-13,Other,35-44,Female
1906,2025-09-13,CA,18-24,Male
1907,2025-09-13,Other,18-24,Female
1908,2025-09-13,US,35-44,Female
1909,2025-09-13,CA,25-34,Male
1910,2025-09-13,UK,35-44,Male
1911,2025-09-13,UK,25-34,Female
1912,2025-09-13,AU,25-34,Male
1913,2025-09-13,DE,45-54,Female
1914,2025-09-13,UK,25-34,Male
1915,2025-09-13,UK,55+,Female
1916,2025-09-13,DE,35-44,Male
1917,2025-09-13,US,25-34,Female
1918,2025-09-13,US,35-44,Female
1919,2025-09-13,AU,25-34,Male
1920,2025-09-13,US,35-44,Female
1921,2025-09-13,CA,25-34,Male
1922,2025-09-13,UK,18-24,Female
1923,2025-09-13,US,55+,Male
1924,2025-09-13,AU,45-54,Male
1925,2025-09-13,DE,45-54,Male
1926,2025-09-13,US,55+,Male
1927,2025-09-13,CA,55+,Female
1928,2025-09-13,CA,45-54,Female
1929,2025-09-13,DE,35-44,Male
1930,2025-09-13,US,25-34,Male
1931,2025-09-13,US,18-24,Male
1932,2025-09-13,US,18-24,Female
1933,2025-09-13,Other,25-34,Female
1934,2025-09-13,AU,35-44,Female
1935,2025-09-13,UK,18-24,Female
1936,2025-09-13,CA,45-54,Female
1937,2025-09-13,AU,45-54,Male
1938,2025-09-13,US,35-44,Female
1939,2025-09-13,US,45-54,Female
1940,2025-09-13,US,25-34,Male
1941,2025-09-13,UK,25-34,Female
1942,2025-09-13,CA,35-44,Male
1943,2025-09-13,US,35-44,Female
1944,2025-09-13,US,35-44,Male
1945,2025-09-13,US,35-44,Male
1946,2025-09-13,CA,55+,Female
1947,2025-09-13,US,25-34,Female
1948,2025-09-13,CA,25-34,Female
1949,2025-09-13,US,25-34,Female
1950,2025-09-13,UK,45-54,Male
1951,2025-09-13,DE,35-44,Male
1952,2025-09-13,US,35-44,Female
1953,2025-09-13,CA,25-34,Male
1954,2025-09-13,Other,45-54,Male
1955,2025-09-13,US,25-34,Male
1956,2025-09-13,US,45-54,Male
1957,2025-09-13,US,35-44,Male
1958,2025-09-13,AU,45-54,Female
1959,2025-09-13,UK,25-34,Female
1960,2025-09-13,Other,25-34,Male
1961,2025-09-13,CA,45-54,Female
1962,2025-09-13,US,45-54,Female
1963,2025-09-13,UK,35-44,Male
1964,2025-09-13,DE,35-44,Male
1965,2025-09-13,CA,35-44,Male
1966,2025-09-13,UK,25-34,Male
1967,2025-09-13,Other,35-44,Male
1968,2025-09-13,UK,45-54,Male
1969,2025-09-13,US,35-44,Female
1970,2025-09-13,US,45-54,Female
1971,2025-09-13,US,35-44,Female
1972,2025-09-13,DE,45-54,Female
1973,2025-09-13,US,18-24,Female
1974,2025-09-13,DE,25-34,Female
1975,2025-09-13,UK,25-34,Female
1976,2025-09-13,US,25-34,Male
1977,2025-09-13,CA,45-54,Male
1978,2025-09-13,CA,25-34,Female
1979,2025-09-13,Other,35-44,Female
1980,2025-09-13,UK,45-54,Male
1981,2025-09-13,Other,45-54,Male
1982,2025-09-13,US,35-44,Female
1983,2025-09-13,US,18-24,Female
1984,2025-09-13,DE,25-34,Male
1985,2025-09-13,US,35-44,Male
1986,2025-09-13,DE,25-34,Male
1987,2025-09-13,UK,35-44,Male
1988,2025-09-13,AU,55+,Female
1989,2025-09-13,DE,45-54,Male
1990,2025-09-13,US,35-44,Female
1991,2025-09-13,US,25-34,Male
1992,2025-09-13,AU,18-24,Female
1993,2025-09-13,DE,45-54,Male
1994,2025-09-13,US,25-34,Male
1995,2025-09-13,US,25-34,Male
1996,2025-09-13,UK,25-34,Male
1997,2025-09-13,Other,45-54,Male
1998,2025-09-13,UK,25-34,Female
1999,2025-09-13,US,25-34,Female
2000,2025-09-13,US,55+,Female
